Login,Password,address1,address2,pass1, arrive,depart
jojo,bean,First street,Liberty,Jojo Bean,Portland,Denver
Alexandrea,Robel,Janis Row,Fisher Circles,Alexandrea Robel,London,Portland
Leanne,Stracke,Roger Ridges,Lind Overpass,Leanne Stracke,Los Angeles,Sydney
Maximus,Ullrich,Lesly Branch,O'Conner Row,Maximus Ullrich,Portland,Sydney
Darren,O'Connell,Lourdes Dam,Deion Crossroad,Darren O'Connell,Portland,Seattle
Eulalia,Jaskolski,Edna Rue,Keshaun Spurs,Eulalia Jaskolski,Frankfurt,Sydney
Carson,Champlin,Oral Rapid,Nyasia Way,Carson Champlin,San Francisco,London
Alexander,Roberts,Chanel Courts,Fiona Dam,Alexander Roberts,Paris,Zurikh
Corrine,Koepp,Sipes Manor,Nadia Freeway,Corrine Koepp,Los Angeles
Elmore,Schuppe,Donny Mountains,Chasity Wall,Elmore Schuppe,Portland,Paris
